Date,State,Abbreviation,Regular,Mid-Grade,Premium,Diesel
2026-03-24,Alabama,AL,3.637,4.082,4.492,5.165
2026-03-24,Alaska,AK,4.536,4.776,4.989,5.494
2026-03-24,Arizona,AZ,4.609,4.997,5.309,5.715
2026-03-24,Arkansas,AR,3.403,3.835,4.184,4.811
2026-03-24,California,CA,5.822,6.047,6.241,7.018
2026-03-24,Colorado,CO,3.918,4.313,4.65,4.96
2026-03-24,Connecticut,CT,3.921,4.425,4.84,5.757
2026-03-24,Delaware,DE,3.798,4.383,4.671,5.524
2026-03-24,District of Columbia,DC,4.091,4.694,5.078,5.55
2026-03-24,Florida,FL,3.92,4.356,4.689,5.527
2026-03-24,Georgia,GA,3.651,4.109,4.526,5.158
2026-03-24,Hawaii,HI,5.28,5.454,5.71,6.371
2026-03-24,Idaho,ID,4.172,4.447,4.702,5.317
2026-03-24,Illinois,IL,4.208,4.786,5.253,5.164
2026-03-24,Indiana,IN,3.979,4.489,4.968,5.118
2026-03-24,Iowa,IA,3.312,3.523,4.162,4.84
2026-03-24,Kansas,KS,3.276,3.59,3.928,4.559
2026-03-24,Kentucky,KY,3.741,4.278,4.717,5.029
2026-03-24,Louisiana,LA,3.593,4.001,4.402,5.009
2026-03-24,Maine,ME,3.837,4.386,4.865,5.673
2026-03-24,Maryland,MD,3.968,4.501,4.833,5.564
2026-03-24,Massachusetts,MA,3.768,4.329,4.718,5.603
2026-03-24,Michigan,MI,4.007,4.56,5.117,5.03
2026-03-24,Minnesota,MN,3.447,3.88,4.371,4.899
2026-03-24,Mississippi,MS,3.561,3.997,4.381,5.023
2026-03-24,Missouri,MO,3.439,3.851,4.155,4.608
2026-03-24,Montana,MT,3.632,3.945,4.273,4.7
2026-03-24,Nebraska,NE,3.371,3.55,4.025,4.619
2026-03-24,Nevada,NV,4.814,5.125,5.413,5.68
2026-03-24,New Hampshire,NH,3.747,4.291,4.758,5.582
2026-03-24,New Jersey,NJ,3.885,4.39,4.663,5.604
2026-03-24,New Mexico,NM,3.816,4.243,4.561,5.083
2026-03-24,New York,NY,3.896,4.385,4.781,5.638
2026-03-24,North Carolina,NC,3.766,4.219,4.61,5.433
2026-03-24,North Dakota,ND,3.435,3.757,4.202,4.618
2026-03-24,Ohio,OH,3.828,4.354,4.864,5.038
2026-03-24,Oklahoma,OK,3.263,3.682,3.968,4.503
2026-03-24,Oregon,OR,4.871,5.085,5.375,5.93
2026-03-24,Pennsylvania,PA,3.953,4.37,4.754,5.811
2026-03-24,Rhode Island,RI,3.791,4.426,4.844,5.561
2026-03-24,South Carolina,SC,3.675,4.111,4.515,5.329
2026-03-24,South Dakota,SD,3.388,3.57,4.069,4.633
2026-03-24,Tennessee,TN,3.65,4.109,4.508,5.269
2026-03-24,Texas,TX,3.62,4.091,4.47,4.952
2026-03-24,Utah,UT,4.02,4.284,4.542,5.369
2026-03-24,Vermont,VT,3.898,4.337,4.805,5.716
2026-03-24,Virginia,VA,3.879,4.342,4.716,5.425
2026-03-24,Washington,WA,5.291,5.523,5.786,6.493
2026-03-24,West Virginia,WV,3.78,4.213,4.65,5.287
2026-03-24,Wisconsin,WI,3.671,4.158,4.75,4.862
2026-03-24,Wyoming,WY,3.759,4.058,4.373,4.917
2026-03-25,Alabama,AL,3.64,4.079,4.496,5.177
2026-03-25,Alaska,AK,4.559,4.783,5.0,5.527
2026-03-25,Arizona,AZ,4.623,5.015,5.329,5.805
2026-03-25,Arkansas,AR,3.399,3.85,4.194,4.809
2026-03-25,California,CA,5.831,6.069,6.259,7.072
2026-03-25,Colorado,CO,3.914,4.313,4.644,4.953
2026-03-25,Connecticut,CT,3.931,4.464,4.857,5.796
2026-03-25,Delaware,DE,3.831,4.401,4.706,5.639
2026-03-25,District of Columbia,DC,4.108,4.651,5.078,5.589
2026-03-25,Florida,FL,3.901,4.344,4.679,5.52
2026-03-25,Georgia,GA,3.635,4.106,4.52,5.149
2026-03-25,Hawaii,HI,5.32,5.48,5.759,6.437
2026-03-25,Idaho,ID,4.215,4.482,4.743,5.393
2026-03-25,Illinois,IL,4.228,4.806,5.278,5.171
2026-03-25,Indiana,IN,4.075,4.574,5.066,5.172
2026-03-25,Iowa,IA,3.31,3.516,4.142,4.847
2026-03-25,Kansas,KS,3.278,3.603,3.925,4.556
2026-03-25,Kentucky,KY,3.745,4.291,4.73,5.036
2026-03-25,Louisiana,LA,3.594,4.019,4.409,5.018
2026-03-25,Maine,ME,3.834,4.383,4.864,5.682
2026-03-25,Maryland,MD,3.996,4.544,4.88,5.653
2026-03-25,Massachusetts,MA,3.777,4.35,4.737,5.623
2026-03-25,Michigan,MI,4.06,4.611,5.17,5.087
2026-03-25,Minnesota,MN,3.445,3.872,4.363,4.897
2026-03-25,Mississippi,MS,3.564,3.995,4.384,5.028
2026-03-25,Missouri,MO,3.436,3.864,4.158,4.613
2026-03-25,Montana,MT,3.681,4.012,4.334,4.746
2026-03-25,Nebraska,NE,3.372,3.56,4.011,4.615
2026-03-25,Nevada,NV,4.831,5.148,5.437,5.738
2026-03-25,New Hampshire,NH,3.75,4.288,4.758,5.605
2026-03-25,New Jersey,NJ,3.883,4.395,4.671,5.654
2026-03-25,New Mexico,NM,3.796,4.221,4.539,5.088
2026-03-25,New York,NY,3.917,4.406,4.793,5.687
2026-03-25,North Carolina,NC,3.775,4.227,4.621,5.463
2026-03-25,North Dakota,ND,3.434,3.794,4.184,4.619
2026-03-25,Ohio,OH,3.906,4.416,4.929,5.068
2026-03-25,Oklahoma,OK,3.265,3.682,3.967,4.504
2026-03-25,Oregon,OR,4.871,5.102,5.383,5.951
2026-03-25,Pennsylvania,PA,3.953,4.377,4.76,5.85
2026-03-25,Rhode Island,RI,3.788,4.453,4.858,5.586
2026-03-25,South Carolina,SC,3.682,4.121,4.524,5.344
2026-03-25,South Dakota,SD,3.412,3.605,4.068,4.626
2026-03-25,Tennessee,TN,3.643,4.107,4.51,5.286
2026-03-25,Texas,TX,3.614,4.091,4.468,4.949
2026-03-25,Utah,UT,4.041,4.304,4.559,5.399
2026-03-25,Vermont,VT,3.905,4.373,4.821,5.723
2026-03-25,Virginia,VA,3.889,4.357,4.73,5.451
2026-03-25,Washington,WA,5.298,5.541,5.795,6.528
2026-03-25,West Virginia,WV,3.806,4.234,4.681,5.341
2026-03-25,Wisconsin,WI,3.665,4.156,4.751,4.866
2026-03-25,Wyoming,WY,3.775,4.074,4.397,4.927
2026-03-26,Alabama,AL,3.639,4.074,4.487,5.197
2026-03-26,Alaska,AK,4.571,4.824,5.035,5.546
2026-03-26,Arizona,AZ,4.632,5.024,5.34,5.814
2026-03-26,Arkansas,AR,3.396,3.857,4.199,4.804
2026-03-26,California,CA,5.843,6.082,6.273,7.12
2026-03-26,Colorado,CO,3.91,4.31,4.636,4.935
2026-03-26,Connecticut,CT,3.932,4.478,4.872,5.807
2026-03-26,Delaware,DE,3.856,4.441,4.733,5.686
2026-03-26,District of Columbia,DC,4.106,4.73,5.085,5.604
2026-03-26,Florida,FL,3.879,4.323,4.659,5.508
2026-03-26,Georgia,GA,3.619,4.081,4.503,5.128
2026-03-26,Hawaii,HI,5.332,5.518,5.771,6.454
2026-03-26,Idaho,ID,4.254,4.522,4.781,5.47
2026-03-26,Illinois,IL,4.237,4.82,5.293,5.173
2026-03-26,Indiana,IN,4.072,4.598,5.087,5.21
2026-03-26,Iowa,IA,3.314,3.543,4.14,4.867
2026-03-26,Kansas,KS,3.273,3.607,3.923,4.548
2026-03-26,Kentucky,KY,3.738,4.283,4.716,5.03
2026-03-26,Louisiana,LA,3.592,4.026,4.42,5.025
2026-03-26,Maine,ME,3.835,4.393,4.866,5.691
2026-03-26,Maryland,MD,3.998,4.565,4.894,5.7
2026-03-26,Massachusetts,MA,3.777,4.36,4.749,5.643
2026-03-26,Michigan,MI,4.048,4.631,5.188,5.095
2026-03-26,Minnesota,MN,3.437,3.858,4.353,4.887
2026-03-26,Mississippi,MS,3.566,3.994,4.381,5.042
2026-03-26,Missouri,MO,3.429,3.851,4.158,4.617
2026-03-26,Montana,MT,3.699,4.027,4.347,4.758
2026-03-26,Nebraska,NE,3.38,3.577,4.04,4.619
2026-03-26,Nevada,NV,4.861,5.173,5.454,5.843
2026-03-26,New Hampshire,NH,3.75,4.278,4.754,5.61
2026-03-26,New Jersey,NJ,3.88,4.398,4.674,5.681
2026-03-26,New Mexico,NM,3.8,4.228,4.532,5.104
2026-03-26,New York,NY,3.92,4.41,4.796,5.718
2026-03-26,North Carolina,NC,3.769,4.219,4.615,5.47
2026-03-26,North Dakota,ND,3.437,3.799,4.183,4.594
2026-03-26,Ohio,OH,3.897,4.426,4.936,5.083
2026-03-26,Oklahoma,OK,3.256,3.671,3.954,4.498
2026-03-26,Oregon,OR,4.86,5.107,5.383,5.958
2026-03-26,Pennsylvania,PA,3.95,4.378,4.766,5.874
2026-03-26,Rhode Island,RI,3.802,4.46,4.854,5.615
2026-03-26,South Carolina,SC,3.672,4.115,4.517,5.349
2026-03-26,South Dakota,SD,3.41,3.595,4.071,4.635
2026-03-26,Tennessee,TN,3.636,4.099,4.506,5.292
2026-03-26,Texas,TX,3.606,4.079,4.455,4.943
2026-03-26,Utah,UT,4.165,4.428,4.678,5.46
2026-03-26,Vermont,VT,3.906,4.383,4.85,5.715
2026-03-26,Virginia,VA,3.888,4.359,4.738,5.473
2026-03-26,Washington,WA,5.3,5.561,5.805,6.527
2026-03-26,West Virginia,WV,3.81,4.243,4.697,5.367
2026-03-26,Wisconsin,WI,3.657,4.148,4.742,4.824
2026-03-26,Wyoming,WY,3.825,4.11,4.405,4.96
2026-03-30,Alabama,AL,3.646,4.07,4.481,5.214
2026-03-30,Alaska,AK,4.607,4.863,5.09,5.626
2026-03-30,Arizona,AZ,4.677,5.084,5.392,5.997
2026-03-30,Arkansas,AR,3.409,3.865,4.219,4.83
2026-03-30,California,CA,5.877,6.101,6.302,7.364
2026-03-30,Colorado,CO,3.904,4.295,4.622,4.92
2026-03-30,Connecticut,CT,3.939,4.46,4.88,5.832
2026-03-30,Delaware,DE,3.87,4.456,4.752,5.727
2026-03-30,District of Columbia,DC,4.176,4.696,5.114,5.661
2026-03-30,Florida,FL,3.954,4.392,4.723,5.618
2026-03-30,Georgia,GA,3.581,4.022,4.444,5.086
2026-03-30,Hawaii,HI,5.418,5.622,5.856,6.604
2026-03-30,Idaho,ID,4.261,4.544,4.799,5.501
2026-03-30,Illinois,IL,4.209,4.792,5.266,5.151
2026-03-30,Indiana,IN,3.992,4.54,5.028,5.192
2026-03-30,Iowa,IA,3.281,3.549,4.158,4.877
2026-03-30,Kansas,KS,3.256,3.584,3.916,4.553
2026-03-30,Kentucky,KY,3.716,4.261,4.699,5.029
2026-03-30,Louisiana,LA,3.606,4.007,4.414,5.089
2026-03-30,Maine,ME,3.836,4.367,4.841,5.721
2026-03-30,Maryland,MD,4.006,4.568,4.902,5.763
2026-03-30,Massachusetts,MA,3.807,4.364,4.766,5.697
2026-03-30,Michigan,MI,3.944,4.534,5.098,5.025
2026-03-30,Minnesota,MN,3.417,3.852,4.351,4.884
2026-03-30,Mississippi,MS,3.583,4.023,4.401,5.072
2026-03-30,Missouri,MO,3.414,3.853,4.155,4.606
2026-03-30,Montana,MT,3.704,4.015,4.365,4.789
2026-03-30,Nebraska,NE,3.334,3.548,4.023,4.613
2026-03-30,Nevada,NV,4.91,5.22,5.526,6.088
2026-03-30,New Hampshire,NH,3.755,4.303,4.764,5.635
2026-03-30,New Jersey,NJ,3.878,4.39,4.675,5.72
2026-03-30,New Mexico,NM,3.86,4.305,4.611,5.251
2026-03-30,New York,NY,3.93,4.417,4.813,5.75
2026-03-30,North Carolina,NC,3.759,4.201,4.6,5.493
2026-03-30,North Dakota,ND,3.429,3.776,4.216,4.583
2026-03-30,Ohio,OH,3.822,4.349,4.862,5.06
2026-03-30,Oklahoma,OK,3.256,3.675,3.97,4.481
2026-03-30,Oregon,OR,4.894,5.12,5.405,6.025
2026-03-30,Pennsylvania,PA,3.942,4.375,4.752,5.904
2026-03-30,Rhode Island,RI,3.827,4.501,4.896,5.705
2026-03-30,South Carolina,SC,3.647,4.059,4.468,5.34
2026-03-30,South Dakota,SD,3.388,3.62,4.106,4.617
2026-03-30,Tennessee,TN,3.632,4.081,4.494,5.287
2026-03-30,Texas,TX,3.61,4.069,4.446,4.957
2026-03-30,Utah,UT,4.195,4.474,4.719,5.482
2026-03-30,Vermont,VT,3.912,4.395,4.862,5.712
2026-03-30,Virginia,VA,3.886,4.351,4.728,5.512
2026-03-30,Washington,WA,5.33,5.55,5.803,6.56
2026-03-30,West Virginia,WV,3.809,4.262,4.713,5.364
2026-03-30,Wisconsin,WI,3.618,4.141,4.71,4.741
2026-03-30,Wyoming,WY,3.827,4.132,4.428,4.986
2026-03-31,Alabama,AL,3.676,4.098,4.501,5.248
2026-03-31,Alaska,AK,4.59,4.865,5.089,5.64
2026-03-31,Arizona,AZ,4.682,5.071,5.382,6.003
2026-03-31,Arkansas,AR,3.444,3.896,4.25,4.884
2026-03-31,California,CA,5.887,6.118,6.311,7.455
2026-03-31,Colorado,CO,3.874,4.266,4.593,4.916
2026-03-31,Connecticut,CT,3.953,4.48,4.895,5.85
2026-03-31,Delaware,DE,3.876,4.463,4.748,5.737
2026-03-31,District of Columbia,DC,4.191,4.736,5.117,5.693
2026-03-31,Florida,FL,4.124,4.578,4.903,5.736
2026-03-31,Georgia,GA,3.625,4.092,4.508,5.172
2026-03-31,Hawaii,HI,5.452,5.67,5.905,6.691
2026-03-31,Idaho,ID,4.267,4.559,4.814,5.51
2026-03-31,Illinois,IL,4.203,4.79,5.263,5.147
2026-03-31,Indiana,IN,3.975,4.527,5.022,5.189
2026-03-31,Iowa,IA,3.282,3.522,4.138,4.859
2026-03-31,Kansas,KS,3.288,3.619,3.939,4.559
2026-03-31,Kentucky,KY,3.784,4.319,4.754,5.057
2026-03-31,Louisiana,LA,3.63,4.041,4.431,5.119
2026-03-31,Maine,ME,3.863,4.42,4.885,5.769
2026-03-31,Maryland,MD,4.014,4.574,4.907,5.784
2026-03-31,Massachusetts,MA,3.818,4.387,4.787,5.731
2026-03-31,Michigan,MI,3.915,4.514,5.073,5.01
2026-03-31,Minnesota,MN,3.416,3.849,4.341,4.875
2026-03-31,Mississippi,MS,3.608,4.035,4.419,5.094
2026-03-31,Missouri,MO,3.438,3.871,4.17,4.617
2026-03-31,Montana,MT,3.711,4.019,4.369,4.794
2026-03-31,Nebraska,NE,3.369,3.552,3.997,4.622
2026-03-31,Nevada,NV,4.931,5.239,5.531,6.159
2026-03-31,New Hampshire,NH,3.801,4.346,4.804,5.678
2026-03-31,New Jersey,NJ,3.927,4.458,4.73,5.77
2026-03-31,New Mexico,NM,3.85,4.279,4.591,5.256
2026-03-31,New York,NY,3.949,4.439,4.828,5.774
2026-03-31,North Carolina,NC,3.839,4.298,4.689,5.585
2026-03-31,North Dakota,ND,3.433,3.779,4.194,4.592
2026-03-31,Ohio,OH,3.794,4.327,4.837,5.039
2026-03-31,Oklahoma,OK,3.272,3.688,3.979,4.491
2026-03-31,Oregon,OR,4.933,5.151,5.434,6.076
2026-03-31,Pennsylvania,PA,3.976,4.414,4.791,5.918
2026-03-31,Rhode Island,RI,3.862,4.513,4.922,5.731
2026-03-31,South Carolina,SC,3.701,4.146,4.543,5.388
2026-03-31,South Dakota,SD,3.397,3.587,4.095,4.618
2026-03-31,Tennessee,TN,3.724,4.196,4.593,5.312
2026-03-31,Texas,TX,3.678,4.149,4.522,5.029
2026-03-31,Utah,UT,4.199,4.485,4.728,5.486
2026-03-31,Vermont,VT,3.931,4.424,4.883,5.744
2026-03-31,Virginia,VA,3.932,4.399,4.775,5.617
2026-03-31,Washington,WA,5.346,5.585,5.836,6.614
2026-03-31,West Virginia,WV,3.864,4.311,4.758,5.358
2026-03-31,Wisconsin,WI,3.615,4.136,4.707,4.737
2026-03-31,Wyoming,WY,3.846,4.151,4.436,4.984
2026-04-01,Alabama,AL,3.766,4.195,4.605,5.321
2026-04-01,Alaska,AK,4.591,4.83,5.093,5.649
2026-04-01,Arizona,AZ,4.696,5.08,5.392,6.036
2026-04-01,Arkansas,AR,3.49,3.936,4.277,4.92
2026-04-01,California,CA,5.892,6.131,6.316,7.522
2026-04-01,Colorado,CO,3.854,4.25,4.579,4.902
2026-04-01,Connecticut,CT,4.0,4.509,4.925,5.883
2026-04-01,Delaware,DE,3.885,4.458,4.763,5.747
2026-04-01,District of Columbia,DC,4.197,4.735,5.119,5.697
2026-04-01,Florida,FL,4.219,4.646,4.972,5.8
2026-04-01,Georgia,GA,3.676,4.148,4.564,5.229
2026-04-01,Hawaii,HI,5.462,5.692,5.929,6.732
2026-04-01,Idaho,ID,4.272,4.559,4.819,5.512
2026-04-01,Illinois,IL,4.251,4.825,5.307,5.143
2026-04-01,Indiana,IN,3.965,4.511,5.0,5.179
2026-04-01,Iowa,IA,3.429,3.602,4.268,4.849
2026-04-01,Kansas,KS,3.319,3.654,3.974,4.561
2026-04-01,Kentucky,KY,3.878,4.398,4.835,5.086
2026-04-01,Louisiana,LA,3.705,4.151,4.535,5.19
2026-04-01,Maine,ME,3.901,4.439,4.915,5.784
2026-04-01,Maryland,MD,4.048,4.603,4.945,5.833
2026-04-01,Massachusetts,MA,3.848,4.406,4.806,5.765
2026-04-01,Michigan,MI,3.902,4.499,5.06,4.997
2026-04-01,Minnesota,MN,3.519,3.96,4.455,4.867
2026-04-01,Mississippi,MS,3.677,4.1,4.482,5.161
2026-04-01,Missouri,MO,3.464,3.874,4.18,4.622
2026-04-01,Montana,MT,3.741,4.066,4.399,4.827
2026-04-01,Nebraska,NE,3.411,3.578,4.025,4.615
2026-04-01,Nevada,NV,4.94,5.246,5.543,6.222
2026-04-01,New Hampshire,NH,3.847,4.377,4.828,5.705
2026-04-01,New Jersey,NJ,4.022,4.529,4.8,5.825
2026-04-01,New Mexico,NM,3.839,4.269,4.584,5.255
2026-04-01,New York,NY,3.985,4.476,4.863,5.806
2026-04-01,North Carolina,NC,3.903,4.342,4.733,5.648
2026-04-01,North Dakota,ND,3.435,3.8,4.196,4.594
2026-04-01,Ohio,OH,3.776,4.305,4.818,5.034
2026-04-01,Oklahoma,OK,3.27,3.697,3.974,4.489
2026-04-01,Oregon,OR,4.956,5.188,5.456,6.132
2026-04-01,Pennsylvania,PA,4.039,4.467,4.847,5.933
2026-04-01,Rhode Island,RI,3.894,4.544,5.0,5.745
2026-04-01,South Carolina,SC,3.8,4.236,4.633,5.476
2026-04-01,South Dakota,SD,3.496,3.61,4.132,4.612
2026-04-01,Tennessee,TN,3.817,4.271,4.669,5.331
2026-04-01,Texas,TX,3.77,4.242,4.62,5.114
2026-04-01,Utah,UT,4.197,4.481,4.724,5.483
2026-04-01,Vermont,VT,3.955,4.429,4.899,5.768
2026-04-01,Virginia,VA,3.972,4.423,4.803,5.663
2026-04-01,Washington,WA,5.359,5.614,5.86,6.667
2026-04-01,West Virginia,WV,3.911,4.341,4.782,5.379
2026-04-01,Wisconsin,WI,3.755,4.224,4.842,4.736
2026-04-01,Wyoming,WY,3.841,4.155,4.437,4.986
2026-04-02,Alabama,AL,3.798,4.24,4.645,5.354
2026-04-02,Alaska,AK,4.599,4.81,5.082,5.71
2026-04-02,Arizona,AZ,4.688,5.071,5.391,6.049
2026-04-02,Arkansas,AR,3.525,3.977,4.313,4.934
2026-04-02,California,CA,5.891,6.131,6.315,7.559
2026-04-02,Colorado,CO,3.83,4.229,4.561,4.882
2026-04-02,Connecticut,CT,4.024,4.535,4.938,5.894
2026-04-02,Delaware,DE,3.884,4.456,4.759,5.747
2026-04-02,District of Columbia,DC,4.2,4.749,5.133,5.7
2026-04-02,Florida,FL,4.232,4.676,5.0,5.82
2026-04-02,Georgia,GA,3.701,4.175,4.59,5.254
2026-04-02,Hawaii,HI,5.503,5.694,5.946,6.805
2026-04-02,Idaho,ID,4.268,4.564,4.813,5.505
2026-04-02,Illinois,IL,4.266,4.831,5.316,5.143
2026-04-02,Indiana,IN,3.949,4.495,4.982,5.171
2026-04-02,Iowa,IA,3.48,3.661,4.335,4.847
2026-04-02,Kansas,KS,3.334,3.679,3.998,4.558
2026-04-02,Kentucky,KY,3.904,4.433,4.862,5.095
2026-04-02,Louisiana,LA,3.749,4.182,4.574,5.226
2026-04-02,Maine,ME,3.911,4.456,4.944,5.8
2026-04-02,Maryland,MD,4.063,4.614,4.961,5.853
2026-04-02,Massachusetts,MA,3.861,4.438,4.83,5.776
2026-04-02,Michigan,MI,3.886,4.481,5.043,4.984
2026-04-02,Minnesota,MN,3.546,3.97,4.475,4.873
2026-04-02,Mississippi,MS,3.711,4.139,4.523,5.197
2026-04-02,Missouri,MO,3.486,3.909,4.21,4.628
2026-04-02,Montana,MT,3.753,4.08,4.432,4.835
2026-04-02,Nebraska,NE,3.426,3.604,4.078,4.621
2026-04-02,Nevada,NV,4.942,5.26,5.548,6.254
2026-04-02,New Hampshire,NH,3.869,4.392,4.853,5.721
2026-04-02,New Jersey,NJ,4.052,4.564,4.836,5.844
2026-04-02,New Mexico,NM,3.829,4.251,4.57,5.256
2026-04-02,New York,NY,4.011,4.502,4.894,5.83
2026-04-02,North Carolina,NC,3.912,4.354,4.746,5.669
2026-04-02,North Dakota,ND,3.43,3.822,4.188,4.593
2026-04-02,Ohio,OH,3.755,4.282,4.797,5.024
2026-04-02,Oklahoma,OK,3.272,3.688,3.96,4.483
2026-04-02,Oregon,OR,4.966,5.198,5.472,6.166
2026-04-02,Pennsylvania,PA,4.075,4.506,4.884,5.94
2026-04-02,Rhode Island,RI,3.914,4.589,4.999,5.742
2026-04-02,South Carolina,SC,3.83,4.263,4.666,5.509
2026-04-02,South Dakota,SD,3.524,3.646,4.158,4.606
2026-04-02,Tennessee,TN,3.844,4.306,4.71,5.347
2026-04-02,Texas,TX,3.804,4.286,4.657,5.147
2026-04-02,Utah,UT,4.192,4.47,4.719,5.472
2026-04-02,Vermont,VT,3.992,4.488,4.921,5.804
2026-04-02,Virginia,VA,4.009,4.472,4.851,5.695
2026-04-02,Washington,WA,5.365,5.631,5.872,6.713
2026-04-02,West Virginia,WV,3.909,4.351,4.791,5.381
2026-04-02,Wisconsin,WI,3.792,4.267,4.874,4.731
2026-04-02,Wyoming,WY,3.839,4.143,4.432,4.977
2026-04-03,Alabama,AL,3.811,4.264,4.668,5.368
2026-04-03,Alaska,AK,4.623,4.827,5.074,5.751
2026-04-03,Arizona,AZ,4.704,5.093,5.411,6.101
2026-04-03,Arkansas,AR,3.564,4.012,4.364,5.004
2026-04-03,California,CA,5.895,6.135,6.319,7.59
2026-04-03,Colorado,CO,3.846,4.248,4.576,4.946
2026-04-03,Connecticut,CT,4.034,4.549,4.952,5.897
2026-04-03,Delaware,DE,3.892,4.465,4.767,5.761
2026-04-03,District of Columbia,DC,4.236,4.804,5.18,5.752
2026-04-03,Florida,FL,4.222,4.673,4.996,5.814
2026-04-03,Georgia,GA,3.707,4.178,4.601,5.261
2026-04-03,Hawaii,HI,5.546,5.749,6.006,6.835
2026-04-03,Idaho,ID,4.264,4.56,4.808,5.506
2026-04-03,Illinois,IL,4.272,4.833,5.317,5.179
2026-04-03,Indiana,IN,3.932,4.477,4.965,5.199
2026-04-03,Iowa,IA,3.5,3.669,4.345,4.857
2026-04-03,Kansas,KS,3.341,3.684,3.996,4.587
2026-04-03,Kentucky,KY,3.908,4.443,4.877,5.124
2026-04-03,Louisiana,LA,3.766,4.202,4.596,5.243
2026-04-03,Maine,ME,3.92,4.45,4.941,5.82
2026-04-03,Maryland,MD,4.066,4.613,4.96,5.877
2026-04-03,Massachusetts,MA,3.882,4.456,4.845,5.792
2026-04-03,Michigan,MI,3.869,4.466,5.025,4.982
2026-04-03,Minnesota,MN,3.555,3.977,4.485,4.883
2026-04-03,Mississippi,MS,3.731,4.162,4.558,5.216
2026-04-03,Missouri,MO,3.521,3.941,4.243,4.689
2026-04-03,Montana,MT,3.755,4.098,4.426,4.845
2026-04-03,Nebraska,NE,3.458,3.636,4.097,4.701
2026-04-03,Nevada,NV,4.96,5.292,5.566,6.303
2026-04-03,New Hampshire,NH,3.881,4.395,4.863,5.742
2026-04-03,New Jersey,NJ,4.067,4.579,4.855,5.857
2026-04-03,New Mexico,NM,3.896,4.318,4.63,5.328
2026-04-03,New York,NY,4.033,4.513,4.906,5.858
2026-04-03,North Carolina,NC,3.927,4.38,4.773,5.725
2026-04-03,North Dakota,ND,3.435,3.797,4.196,4.596
2026-04-03,Ohio,OH,3.758,4.291,4.806,5.056
2026-04-03,Oklahoma,OK,3.275,3.69,3.968,4.512
2026-04-03,Oregon,OR,4.971,5.212,5.487,6.189
2026-04-03,Pennsylvania,PA,4.117,4.543,4.925,6.011
2026-04-03,Rhode Island,RI,3.927,4.616,4.986,5.755
2026-04-03,South Carolina,SC,3.83,4.271,4.673,5.525
2026-04-03,South Dakota,SD,3.539,3.655,4.186,4.617
2026-04-03,Tennessee,TN,3.849,4.308,4.71,5.357
2026-04-03,Texas,TX,3.816,4.301,4.671,5.163
2026-04-03,Utah,UT,4.185,4.467,4.716,5.461
2026-04-03,Vermont,VT,4.022,4.51,4.951,5.851
2026-04-03,Virginia,VA,4.03,4.499,4.876,5.728
2026-04-03,Washington,WA,5.37,5.639,5.878,6.738
2026-04-03,West Virginia,WV,3.955,4.392,4.833,5.44
2026-04-03,Wisconsin,WI,3.801,4.283,4.887,4.734
2026-04-03,Wyoming,WY,3.839,4.151,4.434,4.994
2026-04-04,Alabama,AL,3.829,4.283,4.688,5.398
2026-04-04,Alaska,AK,4.632,4.847,5.092,5.792
2026-04-04,Arizona,AZ,4.73,5.116,5.432,6.154
2026-04-04,Arkansas,AR,3.597,4.028,4.398,5.06
2026-04-04,California,CA,5.915,6.151,6.336,7.64
2026-04-04,Colorado,CO,3.837,4.236,4.564,5.067
2026-04-04,Connecticut,CT,4.064,4.566,4.974,5.905
2026-04-04,Delaware,DE,3.9,4.469,4.785,5.766
2026-04-04,District of Columbia,DC,4.271,4.811,5.198,5.797
2026-04-04,Florida,FL,4.215,4.664,4.991,5.815
2026-04-04,Georgia,GA,3.715,4.18,4.607,5.269
2026-04-04,Hawaii,HI,5.581,5.794,6.048,6.877
2026-04-04,Idaho,ID,4.26,4.553,4.822,5.505
2026-04-04,Illinois,IL,4.282,4.841,5.321,5.245
2026-04-04,Indiana,IN,3.919,4.462,4.956,5.28
2026-04-04,Iowa,IA,3.502,3.692,4.35,5.03
2026-04-04,Kansas,KS,3.359,3.689,4.005,4.661
2026-04-04,Kentucky,KY,3.914,4.446,4.885,5.165
2026-04-04,Louisiana,LA,3.782,4.216,4.618,5.276
2026-04-04,Maine,ME,3.956,4.47,4.966,5.862
2026-04-04,Maryland,MD,4.079,4.62,4.975,5.9
2026-04-04,Massachusetts,MA,3.911,4.475,4.867,5.826
2026-04-04,Michigan,MI,3.868,4.458,5.02,5.063
2026-04-04,Minnesota,MN,3.571,3.986,4.507,4.992
2026-04-04,Mississippi,MS,3.748,4.186,4.585,5.255
2026-04-04,Missouri,MO,3.543,3.957,4.265,4.756
2026-04-04,Montana,MT,3.771,4.108,4.434,4.874
2026-04-04,Nebraska,NE,3.492,3.667,4.115,4.796
2026-04-04,Nevada,NV,4.99,5.303,5.587,6.367
2026-04-04,New Hampshire,NH,3.907,4.432,4.892,5.777
2026-04-04,New Jersey,NJ,4.082,4.598,4.87,5.88
2026-04-04,New Mexico,NM,3.986,4.41,4.721,5.415
2026-04-04,New York,NY,4.052,4.534,4.927,5.891
2026-04-04,North Carolina,NC,3.932,4.374,4.77,5.761
2026-04-04,North Dakota,ND,3.456,3.808,4.217,4.647
2026-04-04,Ohio,OH,3.766,4.286,4.803,5.161
2026-04-04,Oklahoma,OK,3.285,3.697,3.977,4.571
2026-04-04,Oregon,OR,4.982,5.226,5.5,6.225
2026-04-04,Pennsylvania,PA,4.138,4.562,4.944,6.06
2026-04-04,Rhode Island,RI,3.968,4.634,5.021,5.795
2026-04-04,South Carolina,SC,3.829,4.265,4.663,5.539
2026-04-04,South Dakota,SD,3.549,3.694,4.217,4.686
2026-04-04,Tennessee,TN,3.853,4.308,4.718,5.396
2026-04-04,Texas,TX,3.824,4.305,4.678,5.185
2026-04-04,Utah,UT,4.173,4.452,4.701,5.454
2026-04-04,Vermont,VT,4.062,4.527,4.973,5.882
2026-04-04,Virginia,VA,4.053,4.511,4.888,5.779
2026-04-04,Washington,WA,5.376,5.649,5.894,6.787
2026-04-04,West Virginia,WV,3.971,4.4,4.851,5.508
2026-04-04,Wisconsin,WI,3.814,4.299,4.898,4.864
2026-04-04,Wyoming,WY,3.837,4.15,4.44,5.01
